{
  "val": {
    "roc_auc": 0.3850982203832402,
    "pr_auc": 0.00431478796126723,
    "log_loss": 1.3393196219875412,
    "accuracy": 0.9307513555383423,
    "precision": 0.004761904761904762,
    "recall": 0.06451612903225806,
    "f1": 0.008869179600886918,
    "prec_at_1": 0.007102272727272727,
    "prec_at_5": 0.005729166666666666,
    "prec_at_10": 0.005232007575757576
  },
  "test": {
    "roc_auc": 0.6048951926697628,
    "pr_auc": 0.02701272740896573,
    "log_loss": 1.1556474074518688,
    "accuracy": 0.9372676579925651,
    "precision": 0.0325,
    "recall": 0.41935483870967744,
    "f1": 0.060324825986078884,
    "prec_at_1": 0.006570302233902759,
    "prec_at_5": 0.005300043802014893,
    "prec_at_10": 0.005008030369396992
  }
}