{
  "train_loss": [
    0.0717295718464659,
    0.036314504048793245,
    0.035063500613083005,
    0.035438287615093336,
    0.034969751554594475,
    0.0344746477811648,
    0.034792738575191495
  ],
  "val_loss": [
    0.03012632392346859,
    0.030174771323800087,
    0.030091559514403343,
    0.029979052022099495,
    0.030254878103733063,
    0.030791068449616432,
    0.030019981786608696
  ]
}